url,author,date,timestamp,title,text,subreddit,score,upvotes,downvotes,up_ratio,total_awards_received,golds,cross_posts,comments
https://www.reddit.com/r/politics/comments/1ksoq2h/trumps_tax_bill_to_cost_830000_jobs_and_drive_up/,-Mystica-,2025-05-22,1747914701,"Trumps tax bill to cost 830,000 jobs and drive up bills and pollution emissions, experts warn | Environment",,politics,1073,1073,0,0.98,0,0,1,41
https://www.reddit.com/r/politics/comments/1kst8xa/judge_orders_trump_administration_to_reinstate/,Puginator,2025-05-22,1747926868,Judge orders Trump administration to reinstate Education Department employees,,politics,549,549,0,0.98,0,0,0,19
https://www.reddit.com/r/politics/comments/1ksolxu/the_current_republican_tax_bill_could_cut_500/,HeHateMe337,2025-05-22,1747914316,The current Republican tax bill could cut $500 billion from Medicare  This bill just gets more and more cruel,,politics,979,979,0,0.97,0,0,0,58
https://www.reddit.com/r/politics/comments/1ksz7gu/judge_tears_into_doj_lawyers_for_10_minutes_over/,charlieattic,2025-05-22,1747941217,Judge Tears Into DOJ Lawyers for 10 Minutes Over Idiotic Charges,,politics,248,248,0,0.95,0,0,0,20
https://www.reddit.com/r/politics/comments/1kurz8u/democratic_congressman_who_primaried_biden/,redditor01020,2025-05-25,1748139844,"Democratic congressman who primaried Biden hammers party over health cover-up | Former Rep. Dean Phillips, D-Minn., slammed his party's 'constant lying and gaslighting' about Biden's deteriorating health",,politics,0,0,0,0.15,0,0,0,57
https://www.reddit.com/r/politics/comments/1ksao9m/fk_you_entire_trump_team_hated_elon_musk_damning/,Aggravating_Money992,2025-05-21,1747865398,"F**k You: Entire Trump Team Hated Elon Musk, Damning Report Reveals. Elon Musk has left the White House an utter failure.",,politics,28091,28091,0,0.81,0,0,4,1538
https://www.reddit.com/r/politics/comments/1kt2gos/teacher_loses_job_after_unhinged_mom_accuses_her/,southpawFA,2025-05-22,1747949145,Teacher loses job after unhinged mom accuses her of grooming her child to be gay. The community rallied for the teacher who lost her job for not following a rule she didn't know existed.,,politics,155,155,0,0.88,0,0,0,35
https://www.reddit.com/r/politics/comments/1kss016/divided_supreme_court_rejects_public_religious/,kootles10,2025-05-22,1747923814,Divided Supreme Court rejects public religious charter school in Oklahoma,,politics,569,569,0,0.98,0,0,1,40
https://www.reddit.com/r/politics/comments/1kt0z45/gun_silencers_tanning_beds_and_other_weird_stuff/,huffpost,2025-05-22,1747945517,"Gun Silencers, Tanning Beds And Other Weird Stuff Tucked Into The GOP's Tax Bill",,politics,184,184,0,0.95,0,0,0,48
https://www.reddit.com/r/politics/comments/1kszion/this_dinner_is_corruption_embodied_protest/,Exciting_Coconut_937,2025-05-22,1747941957,'This Dinner Is Corruption Embodied': Protest Planned as Trump Dines With Crypto Investors,,politics,216,216,0,0.96,0,0,0,14
https://www.reddit.com/r/politics/comments/1kt3a7q/senate_confirms_charles_kushner_jareds_dad_as/,Plaintalks,2025-05-22,1747951262,"Senate confirms Charles Kushner, Jared's dad, as ambassador to France",,politics,129,129,0,0.84,0,0,0,45
https://www.reddit.com/r/politics/comments/1kta3h9/trump_ratchets_up_battle_with_harvard_foreign/,Yusuf-Uyghur,2025-05-23,1747971912,"Trump ratchets up battle with Harvard, foreign students: 5 takeaways",,politics,45,45,0,0.8,0,0,0,16
https://www.reddit.com/r/politics/comments/1kt6kdm/trump_domestic_policy_bill_would_limit_judges/,NeighborhoodSilver24,2025-05-23,1747960668,Trump Domestic Policy Bill Would Limit Judges Contempt Power,,politics,77,77,0,0.87,0,0,0,11
https://www.reddit.com/r/politics/comments/1ksbjcb/jasmine_crockett_laughs_after_gop_lawmaker_asks/,PostHeraldTimes,2025-05-21,1747867761,Jasmine Crockett Laughs After GOP Lawmaker Asks If Migrants Are Entitled to Due Process: 'I Would Like to Submit the Constitution',,politics,10015,10015,0,0.98,0,0,3,406
https://www.reddit.com/r/politics/comments/1kssmxg/supreme_court_tie_with_barrett_recused_prevents/,Claeyt,2025-05-22,1747925377,Supreme Court tie with Barrett recused prevents first public religious charter school,,politics,446,446,0,0.98,0,0,1,38
https://www.reddit.com/r/politics/comments/1kszabi/theres_a_better_way_to_help_underpaid_workers/,nosotros_road_sodium,2025-05-22,1747941411,"Theres a better way to help underpaid workers than no tax on tips. Tipped workers need a raise, not a tax cut.",,politics,188,188,0,0.94,0,0,0,43
https://www.reddit.com/r/politics/comments/1ktau3z/trump_pushes_eu_to_cut_tariffs_or_face_extra/,s-17,2025-05-23,1747974437,Trump pushes EU to cut tariffs or face extra duties,,politics,34,34,0,0.78,0,0,0,32
https://www.reddit.com/r/politics/comments/1kspnm5/democrats_push_to_strip_trump_of_authority_over/,CBSnews,2025-05-22,1747917542,Democrats push to strip Trump of authority over police agency that protects judges  as threats against judges surge,,politics,614,614,0,0.97,0,0,0,9
https://www.reddit.com/r/politics/comments/1kt9m6t/trumps_new_approach_to_foreign_diplomacy_oval/,feed_meknowledge,2025-05-23,1747970334,Trumps new approach to foreign diplomacy: Oval Office smackdowns,,politics,41,41,0,0.77,0,0,0,29
https://www.reddit.com/r/politics/comments/1kt6z30/how_trump_is_trying_to_establish_presidential/,amartin141,2025-05-23,1747961959,How Trump is Trying to Establish Presidential Control Over Independent Agencies,,politics,64,64,0,0.83,0,0,0,6
https://www.reddit.com/r/politics/comments/1kswi0q/judge_halts_dismantling_of_education_department/,TheAnswerWithinUs,2025-05-22,1747934664,"Judge halts dismantling of Education Department, orders fired workers to be reinstated",,politics,238,238,0,0.97,0,0,0,9
https://www.reddit.com/r/politics/comments/1ks5r8b/south_african_president_calls_out_trump_im_sorry/,rollingstone,2025-05-21,1747853356,South African President Calls Out Trump: Im Sorry I Dont Have a Plane to Give You,,politics,40950,40950,0,0.95,0,0,5,1300
https://www.reddit.com/r/politics/comments/1kt0ql2/whats_an_oligarchy_with_trumps_big_beautiful_bill/,OkayButFoRealz,2025-05-22,1747944954,"What's an oligarchy? With Trump's 'Big, Beautiful' bill, we're living in one. | Opinion  This is the clearest expression yet from this administration that it cares about adding comfort to the comfortable and further afflicting the afflicted, pulling the curtain back on its faux-populism.",,politics,133,133,0,0.93,0,0,0,13
https://www.reddit.com/r/politics/comments/1kswn5i/trump_has_cut_science_funding_to_its_lowest_level/,AlexandrTheTolerable,2025-05-22,1747935009,Trump Has Cut Science Funding to Its Lowest Level in Decades,,politics,219,219,0,0.95,0,0,0,21
https://www.reddit.com/r/politics/comments/1ksxl71/harvard_blocked_by_government_from_enrolling/,bloomberg,2025-05-22,1747937263,Harvard Blocked by Government from Enrolling Foreign Students,,politics,196,196,0,0.93,0,0,0,158
https://www.reddit.com/r/politics/comments/1ksgxcl/hate_trump_according_to_a_proposed_nih/,newfrontier58,2025-05-22,1747884153,"Hate Trump? According to a Proposed NIH Investigation, You Have a Mental-Health Disorder. | Stalin would be proud.",,politics,2932,2932,0,0.96,0,0,2,336
https://www.reddit.com/r/politics/comments/1kt4dh9/trump_boosts_autism_conspiracies_after_insisting/,PostHeraldTimes,2025-05-22,1747954240,Trump Boosts Autism Conspiracies After Insisting Rise of Disorder Must Be 'Artificially Induced': 'Has to Be Something on the Outside',,politics,78,78,0,0.87,0,0,0,42
https://www.reddit.com/r/politics/comments/1ksx78v/judge_finds_us_violated_court_order_with_sudden/,aslan_is_on_the_move,2025-05-22,1747936357,Judge Finds U.S. Violated Court Order With Sudden Deportation Flight to Africa,,politics,193,193,0,0.96,0,0,0,12
https://www.reddit.com/r/politics/comments/1ksmn6b/the_republicans_medicaid_cuts_could_cause_a_rural/,Plaintalks,2025-05-22,1747906996,The Republicans Medicaid Cuts Could Cause a Rural Unemployment Crisis,,politics,849,849,0,0.97,0,0,1,118
https://www.reddit.com/r/politics/comments/1kt3o3p/why_the_houses_big_beautiful_bill_reads_like_a/,LooseDistance1059,2025-05-22,1747952275,Why the Houses Big Beautiful Bill Reads Like a Republican Oppo File,,politics,82,82,0,0.9,0,0,0,5
https://www.reddit.com/r/politics/comments/1kspceg/it_was_a_terrible_idea_air_traffic_controllers/,ClassOptimal7655,2025-05-22,1747916624,It was a terrible idea: Air traffic controllers say recent issues at Newark are rooted in a plan from Trumps first term,,politics,492,492,0,0.96,0,0,0,36
https://www.reddit.com/r/politics/comments/1kufzfq/pelosi_thinks_rahm_emanuel_will_run_for_president/,Hero-Firefighter-24,2025-05-24,1748105034,Pelosi thinks Rahm Emanuel will run for president,,politics,0,0,0,0.28,0,0,0,135
https://www.reddit.com/r/politics/comments/1kst6xh/the_bond_market_is_breaking_washington_just_made/,SE_to_NW,2025-05-22,1747926730,The bond market is breaking. Washington just made it worse,,politics,289,289,0,0.96,0,0,0,39
https://www.reddit.com/r/politics/comments/1kswwtq/second_oval_office_ambush_by_trump_could_make/,BreakfastTop6899,2025-05-22,1747935656,Second Oval Office ambush by Trump could make foreign leaders think twice,,politics,183,183,0,0.94,0,0,0,33
https://www.reddit.com/r/politics/comments/1kt5z5k/full_list_of_republicans_who_voted_against_trumps/,BlueyBingo300,2025-05-23,1747958850,"Full list of Republicans who voted against Trump's ""big, beautiful bill""",,politics,54,54,0,0.79,0,0,0,23
https://www.reddit.com/r/politics/comments/1kt29dw/trump_administration_wrongly_impounded/,jpressss,2025-05-22,1747948637,"Trump Administration Wrongly Impounded Infrastructure Aid, Watchdog Finds",,politics,93,93,0,0.94,0,0,0,4
https://www.reddit.com/r/politics/comments/1kuen5s/gavin_newsom_cannot_escape_his_embarrassing/,BlueyBingo300,2025-05-24,1748101540,Gavin Newsom Cannot Escape His Embarrassing Legacy on Homelessness,,politics,0,0,0,0.33,0,0,0,37
https://www.reddit.com/r/politics/comments/1kt2uph/supreme_court_lets_trump_fire_heads_of/,Plaintalks,2025-05-22,1747950156,Supreme Court lets Trump fire heads of independent labor agencies for now,,politics,84,84,0,0.91,0,0,0,14
https://www.reddit.com/r/politics/comments/1kt2ucq/number_of_white_nationalist_groups_falls_as/,idkbruh653,2025-05-22,1747950131,Number of white nationalist groups falls as extremist views go mainstream,,politics,81,81,0,0.89,0,0,0,15
https://www.reddit.com/r/politics/comments/1ksvl73/gross_house_republicans_ripped_over_incredibly/,huffpost,2025-05-22,1747932516,'Gross': House Republicans Ripped Over 'Incredibly Creepy' New Way To Honor Trump,,politics,203,203,0,0.92,0,0,0,67
https://www.reddit.com/r/politics/comments/1ksylkw/trump_bars_harvard_from_enrolling_international/,CTVNEWS,2025-05-22,1747939742,Trump bars Harvard from enrolling international students,,politics,135,135,0,0.92,0,0,0,62
https://www.reddit.com/r/politics/comments/1ksqkac/house_passes_bill_banning_coverage_of_trans/,Alex-Bollinger,2025-05-22,1747920128,"House passes bill banning coverage of trans health care through Medicaid, CHIP &amp; Obamacare",,politics,365,365,0,0.93,0,0,1,128
https://www.reddit.com/r/politics/comments/1kt779p/trump_to_sign_orders_to_boost_nuclear_power_as/,OverallPhotograph350,2025-05-23,1747962667,"Trump to sign orders to boost nuclear power as soon as Friday, sources say",,politics,44,44,0,0.78,0,0,1,42
https://www.reddit.com/r/politics/comments/1kt2sdg/musks_doge_used_metas_llama_2not_grokfor_govt/,thegravity98ms2,2025-05-22,1747949992,"Musks DOGE used Metas Llama 2not Grokfor govt slashing, report says",,politics,76,76,0,0.92,0,0,0,11
https://www.reddit.com/r/politics/comments/1kt973b/house_gops_medicaid_revisions_aim_to_please/,MaleahGonzales,2025-05-23,1747968967,House GOPs Medicaid revisions aim to please hard-liners,,politics,22,22,0,0.74,0,0,0,12
https://www.reddit.com/r/politics/comments/1kt0w3w/federal_judge_blocks_trump_administration_from/,Rock-n-roll-Kevin,2025-05-22,1747945319,Federal judge blocks Trump administration from revoking international students' legal status,,politics,88,88,0,0.96,0,0,0,5
https://www.reddit.com/r/politics/comments/1ktubp7/salt_vs_snap_what_new_york_lost_and_won_in_one/,news-10,2025-05-23,1748033718,SALT vs. SNAP: What New York lost and won in 'One Big Beautiful Bill',,politics,14,14,0,0.75,0,0,0,2
https://www.reddit.com/r/politics/comments/1ktp714/wyoming_nuclear_developer_wants_legal_protections/,WyoFileNews,2025-05-23,1748020850,"Wyoming nuclear developer wants legal protections for private, armed security force",,politics,29,29,0,0.85,0,0,0,9
https://www.reddit.com/r/politics/comments/1ktspaq/pennsylvania_lawmaker_proposes_new_cannabis_bill/,OregonTripleBeam,2025-05-23,1748029530,Pennsylvania lawmaker proposes new cannabis bill with changes to regulations,,politics,19,19,0,0.86,0,0,0,2
https://www.reddit.com/r/politics/comments/1ktjr5a/disarray_at_department_of_veterans_affairs/,zsreport,2025-05-23,1748007389,"Disarray at Department of Veterans Affairs imperils patient care, internal documents reveal",,politics,57,57,0,0.89,0,0,0,6
https://www.reddit.com/r/politics/comments/1ktr8x2/is_elon_musk_really_getting_the_hell_out_of_doge/,theverge,2025-05-23,1748025869,Is Elon Musk really getting the hell out of DOGE?,,politics,23,23,0,0.69,0,0,0,21
https://www.reddit.com/r/politics/comments/1kt7bs2/as_republicans_ram_through_trumps_medicaid_cuts/,PM_ME_DPRK_CANDIDS,2025-05-23,1747963064,"As Republicans ram through Trumps Medicaid cuts, critics predict: People will die",,politics,498,498,0,0.97,0,0,0,66
https://www.reddit.com/r/politics/comments/1ktlcv6/sorry_donald_trump_but_ukraine_is_your_war/,bloombergopinion,2025-05-23,1748011505,"Sorry, Donald Trump, But Ukraine Is Your War",,politics,42,42,0,0.78,0,0,0,9
https://www.reddit.com/r/politics/comments/1kt4tpq/republican_calls_for_gaza_to_be_nuked_like/,Particular_Log_3594,2025-05-22,1747955510,Republican Calls for Gaza to Be Nuked Like Hiroshima and Nagasaki,,politics,712,712,0,0.94,0,0,1,210
https://www.reddit.com/r/politics/comments/1ktkcys/republicans_flout_law_and_precedent_to_kill/,besselfunctions,2025-05-23,1748008956,Republicans Flout Law and Precedent to Kill Californias Right to Clean Air,,politics,45,45,0,0.93,0,0,0,10
https://www.reddit.com/r/politics/comments/1ktdndk/investors_shift_away_from_us_bond_market_on_fears/,fornuis,2025-05-23,1747985522,Investors shift away from US bond market on fears over Donald Trumps policies,,politics,151,151,0,0.97,0,0,0,21
